from,to
"Say nothing at all.","""Well, out with it Mark. What is it?"""
"Say nothing at all.","Let someone else ask."
"Remain silent and keep your hand over the tear in her suit.","""What's she saying?"""
"Remain silent and keep your hand over the tear in her suit.","""What is that?"""
"""Someone dropped you on your head when you were an infant, didn't they?""","""We should check it out."""
"""Someone dropped you on your head when you were an infant, didn't they?""","""Yeah, no, fuck that."""
"""Someone dropped you on your head when you were an infant, didn't they?""","Wait in silence."
"Stay silent and keep your hand over the tear in her suit.","""What the hell is she saying?"""
"""Lenore.""","Shoot her."
"""Lenore.""","""Do it yourself."""
"""Keep one bullet in the chamber for yourself...just in case.""","Use the saw."
"""Keep one bullet in the chamber for yourself...just in case.""","Use your gun."
"Talk to Meat and Neil","""I'm good."""
"Talk to Meat and Neil","""Could be better."""
"""Well, out with it Mark. What is it?""","""Someone dropped you on your head when you were an infant, didn't they?"""
"""Well, out with it Mark. What is it?""","""Uh..."""
"Pick up the walkie","Shoot."
"Pick up the walkie","Run."
"""Let's go see Neil.""","""Don't worry about me, ya big softie."""
"""Let's go see Neil.""","""Whatever."""
"Finish programming the pods.","""Sure, why not?"""
"Finish programming the pods.","Go on home."
"""I'm alive.""","""Holes?"""
"We need to draw it out.","""Don't be a baby."""
"We need to draw it out.","""We could just knock you out."""
"""Are you two serious? This is insane!""","""Don't get yourself killed."""
"""Are you two serious? This is insane!""","""You sick bastard."""
"""Home. Let's get the fuck home.""","""Ditto."""
"""Home. Let's get the fuck home.""","""What happened, happened."""
"""That's better. Now, any idea on how we kill this thing?""","""Explanation please."""
"""So if we can't melt it...what's the point?""","""We're gonna blow him into space?"""
"""Most people would say 'thank you.'""","""That's better. Now, any idea on how we kill this thing?"""
"Shoot Ben.","Set up the cryopods."
"""We kill it.""","""With fisticuffs."""
"""We kill it.""","""The hanger. We can use the hanger."""
"""I know. Now let's make it count.""","""I didn't."""
"""I know. Now let's make it count.""","""It had a lot of tentacles."""
"Talk to Salvucci and Strauss","""She was."""
"Talk to Salvucci and Strauss","""That's funny coming from the person who was more than ready to put her down a couple of hours ago."""
"Shoot Neil too.","Wait it out."
"Shoot Neil too.","Kill yourself."
"""You crazy bitch.""","""We should check on the pilot."""
"""Do I look like a fucking scientist, cap?""","""We're going to be that way too if we don't get our head in the game, Neil."""
"""Do I look like a fucking scientist, cap?""","""Suck it up, Neil. Cry later."""
"Continue onward to the mess hall.","""Doc, put the gun down."""
"""Got it.""","""Pizza."""
"""Got it.""","""Space food's not so bad."""
"""We need to go. Now!""","End Ryan's pain."
"""We need to go. Now!""","Shoot the monster."
"""Yeah, well, let's make sure he died for something worth dying for.""","""It wiggled a lot."""
"""Yeah, well, let's make sure he died for something worth dying for.""","""I did not. I was too busy running for my life."""
"""Well, you are ideal bait...""","Onward to Sickbay."
" Pull out your pistol and fire blindly.","""She wants us to run out of resources."""
" Pull out your pistol and fire blindly.","""She's toying with us."""
"Also sulk in silence","""Where did you look?"""
"Also sulk in silence","""Did it leave any sort of trail?"""
"""We can't turn on each other, man.""","Talk to Neil and Meat."
"""We can't turn on each other, man.""","Take a nap."
"Lunge at Markie.","Join it."
"Lunge at Markie.","Sacrifice yourself for humanity."
"""I am so close to shoving that saw up your ass.""","Go eat something."
"Look where she's pointing.","""He said it was a bomb."""
"""She wants us to run out of ammo.""","""Hang on! We're on the way."""
"""She wants us to run out of ammo.""","""That's what you get."""
"""Captain...""","""Good luck."""
"""Captain...""","""Be careful."""
"""Captain...""","""You sick fuck."""
"""Whatever it is, we've got enough firepower to put it down.""","""We're going to be that way too if we don't get our head in the game, Neil."""
"""Whatever it is, we've got enough firepower to put it down.""","""Suck it up, Neil. Cry later."""
"Kill her.","""We draw it out."""
"""I killed Neil and Markie.""","""It's not getting back up."""
"""I killed Neil and Markie.""","""I think so...but I couldn't tell for sure."""
"""Not even a simple 'thanks?'""","""Any ideas how to beat that thing?"""
"""Come on. Let's get out of here.""","""I really don't know."""
"""Come on. Let's get out of here.""","""Does it matter?"""
"""Is your suit ripped?""","""Fucking thing ate him."""
"""Is your suit ripped?""","""It happened so fast."""
"""Stay alive.""","""Come on. Let's get out of here."""
"""This plan sucks.""","Shoot the window."
"""This plan sucks.""","Shoot Strauss first."
"Leave him be.","""Yeah, well, let's make sure he died for something worth dying for."""
"Leave him be.","""Get your head in the fucking game."""
"Laugh.","""Yeah, yeah, get on with it."""
"Laugh.","""When I wake up, I expect to have kickass robo-limbs."""
"""Erosion...right.""","""We should check it out, right?"""
"""Erosion...right.""","""Let's check it out."""
"""Erosion...right.""","""I feel like nobody really wants to go down there, and that no one is going to say otherwise if we leave out some details out of our report. Sound good to everybody else? Good."""
"""Erosion...right.""","Absentmindedly kick rocks while you wait for someone to answer."
"Save yourself.","""You're not real."""
"""Except for the dead.""","Look at your foot."
"""Except for the dead.""","Don't look at your foot."
"Give Meat the walkie.","Shoot it!"
"Give Meat the walkie.","Dart into the kitchen."
"""Don't you say a goddamn word to me.""","""We need someone up in the vents."""
"""I really should have let him kill you.""","""We need someone up in the vents."""
"Run away.","""Are you okay?"""
"Run away.","Remain silent and keep your hand over the tear in her suit."
"""Look, all I know is that whatever we found on Earth wasn't human.""","Give him a comfort pat and offer your condolences."
"""Look, all I know is that whatever we found on Earth wasn't human.""","Refrain from doing anything."
"""I should have let him kill you.""","""We need someone in the air ducts."""
"""A bomb.""","""Everybody cool?"""
"""Listen to me: this is not on you.""","Risk your life to save Meat."
"""Listen to me: this is not on you.""","Leave Meat to die and save yourself."
"""She was infected. She killed Meat out of cowardice.""","Let Salvucci kill you."
"""She was infected. She killed Meat out of cowardice.""","Kill him first."
"""MOVE!""","""Get the Speedwell here now!"""
"""MOVE!""","""We've got to go!"""
"""MOVE!""","""Something's got Ryan!"""
"""Let's check it out.""","""I'm with Ryan."""
"""Let's check it out.""","""I'm with Markie."""
"""Let's check it out.""","""I'm with Meat."""
"""Oh good, that means your ass is useless in a fight.""","""What's waiting for you back on Mars?"""
"""Oh good, that means your ass is useless in a fight.""","""What's up with you and Meat?"""
"Shoot the both of them.","Wait it out."
"Shoot the both of them.","Kill yourself."
"""Tempting. It was very, very tempting.""","Talk to Neil and Meat."
"""Tempting. It was very, very tempting.""","Take a nap."
"""It's not getting back up.""","""He didn't."""
"""Hush now.""","Move to comfort him"
"""Hush now.""","Don't touch him"
"""Don't get killed.""","Use the saw."
"""Don't get killed.""","Use your gun."
"""You're welcome.""","""We need someone in the air ducts."""
"""Why the long face, cap?""","""I would have made the same choice."""
"""Why the long face, cap?""","""Bear the weight later. There are still lives in danger here."""
"""God damn it.""","""Except for the dead."""
"""God damn it.""","""I better get a lot more than a citation for my goddamn foot."""
"Opt to go home.","""Thanks, doc."""
"Opt to go home.","""I will."""
"Space that motherfucker.","""You finally turn out to be useful."""
"Space that motherfucker.","""Don't let it eat you."""
"""Yeah, I got it.""","""I'm sorry."""
"""Yeah, I got it.""","Leave."
"""No, he didn't.""","""Why did you decide not to?"""
"""You sure?""","Pick up the walkie"
"""Neil and the creature are dead.""","""It's not getting back up."""
"Go to sleep. Finally.","Get drinks with Meat."
"Go to sleep. Finally.","Go home and get some sleep."
"Nudge Markie and give her a wink of gratitude.","Say nothing."
"Nudge Markie and give her a wink of gratitude.","""I think you mean Tyranseraus Rex."""
"Nudge Markie and give her a wink of gratitude.","""You're talking about a jackalope, Meat, jeez."""
"""What do you think made them?""","""Yes, Markie I know what an earthworm is."""
"""What do you think made them?""","""Uh...yes, totally."""
"Ready the cryopods.","""Sleep well."""
"Ready the cryopods.","""See you on Mars."""
"""You bet your ass she was.""","Take a nap."
"""Not funny.""","Talk to Meat and Neil"
"""Not funny.""","Go to sleep."
"Run. Like. Hell.","""She wants us to run out of ammo."""
"Run. Like. Hell.","""She's jerking us around."""
"""Damn right you will.""","Answer Neil."
"Remain quiet.","""Shut up, Ryan."""
"Remain quiet.","""Erosion...right."""
"""Get your head in the fucking game.""","""It wiggled a lot."""
"""Get your head in the fucking game.""","""I did not. I was too busy running for my life."""
"Go to sleep.","""What's going on?"""
"""Strauss is taking her freakin' arm off.""","""It's straight up bullshit."""
"""We need to draw it out into the open.""","""Don't be a pussy."""
"""Don't talk like that, cap.""","""Your boyfriend's toast."""
"""Hot dogs, dude. Hot dogs.""","""Just a rock or something."""
"""Hot dogs, dude. Hot dogs.""","Unholster your weapon."
"""It's covering any sound it could be making.""","""It might be Ben."""
"""Calm your tits, everybody.""","Head to the cockpit."
"""Space food's not so bad.""","""Probably just a rock falling."""
"""Space food's not so bad.""","Take out your weapon"
"""Don't get yourself killed, asshole.""","""Let's get the fuck home, eh?"""
"""Step off, cunt.""","Play Rock, Paper, Scissors."
"""Step off, cunt.""","Play Tic-Tac-Toe."
"""Step off, cunt.""","Sulk in silence."
"""Neil, stop talking.""","""No, they're tough fuckers."""
"""Neil, stop talking.""","""Yeah, they're chum."""
"""Fuck. You.""","""Yeah, yeah, get on with it."""
"""Fuck. You.""","""When I wake up, I expect to have kickass robo-limbs."""
"""What, no foam finger for me?""","""They're doing what?"""
"Awaken.","""Where's Markie?"""
"""She didn't.""","""We kill it."""
"""She didn't.""","""I've got at least two rounds left."""
"Blast the little bastards.","""What the hell is she saying?"""
"""42.""","""Let's just go."""
"""42.""",""" Doctor Strauss is right; stop dicking around, Neil."""
"""42.""","""Take it easy on him."""
"Go to the cockpit.","""Look, all I know is that whatever we found on Earth wasn't human."""
"Go to the cockpit.","""We've got guns;we can handle her if shit goes down."""
"""Just a rock or something.""","Blast 'em."
"""Just a rock or something.""","Get out of there."
"""That was a bit harsh, Doc.""","""No. Of course not."""
"""That was a bit harsh, Doc.""","""Who knows?"""
"""That was a bit harsh, Doc.""","""Yeah, they're food."""
"""Yeah, they're food.""","Rock, Paper, Scissors"
"""Yeah, they're food.""","Tic-Tac-Toe"
"""Yeah, they're food.""","Also sulk in silence"
"""Yog-Sothoth?""","""Don't talk like that, cap."""
"""Yog-Sothoth?""","""She's meat."""
"Take a nap.","""What's with the racket?"""
"""It might be for the best.""","""You're still angry about that time she reset your broken finger, you big baby."""
"""It might be for the best.""","""I get that vibe, too."""
"""Did it leave any sort of trail?""","""Not funny."""
"""Did it leave any sort of trail?""","""Your bickering is going to get us killed."""
"""Did it leave any sort of trail?""","""It was tempting."""
"""Meat, I don't know, okay?""","""Come on. Let's sleep, then."""
"""She's meat.""","""Your boyfriend's toast."""
"""I don't know, Meat. I don't want to know.""","""We sleep."""
"""I'm good.""","""Of course. We just need to flush it out and kill it...somehow."""
"""I'm good.""","""No idea."""
"""I'm good.""","""We're screwed, fellas."""
"""We've got guns;we can handle her if shit goes down.""","Give him a comfort pat and offer your condolences."
"""We've got guns;we can handle her if shit goes down.""","Refrain from doing anything."
"Follow Meat and Neil.","""It's trying to scare us."""
"Follow Meat and Neil.","""It's covering its own noises."""
"Shoot the window.","Initiate you and Strauss' cryopods."
"""Let him explain.""","""Ben said she was chased into the hallway."""
"""No, they're tough fuckers.""","""Watch your tone, Strauss. Getting real tired of your shit."""
"""No, they're tough fuckers.""","""Because I know what I'm talking about."""
"""No, they're tough fuckers.""","""Step off, cunt."""
"""Not great.""","""What happened?"""
"""What's she saying?""","""Are you really going to take her arm off?"""
"""What's she saying?""","""What the fuck is wrong with you?"""
"""What's she saying?""","Say nothing; leave."
"""We could just knock you out.""","""You're certain?"""
"""We could just knock you out.""","""Damn right you will."""
"""Aye.""","""Sure, Ryan."""
"""Save a round for yourself...just in case.""","Attack with the saw."
"""Save a round for yourself...just in case.""","Attack with your gun."
"""She was.""","Go to sleep."
"Search for Neil.","Kill them both."
"Search for Neil.","Take a bullet to the brain."
"""Come on. Let's just go.""","""Ben's dead too."""
"""We should get to Neil.""","""We search the vents."""
"""We should get to Neil.""","""We lure it out into the open."""
"Go to sleep","""Get a drink."""
"Go to sleep","Go home."
"""Let's get on with this then.""","""What made them?"""
"""Don't strain yourself; I don't want to be scooping you off the ground while I'm trying to shoot something.""","""What's waiting for you back on Mars?"""
"""Don't strain yourself; I don't want to be scooping you off the ground while I'm trying to shoot something.""","""What's up with you and Meat?"""
"""Shhh. I got it, Neil. Just rest.""","""God damn it. I'm so sorry, Neil."""
"""Shhh. I got it, Neil. Just rest.""","Say nothing to him."
"Get drinks with Meat.","""You do as well."""
"""Where on the ship did you look?""","""We can't turn on each other, man."""
"""Where on the ship did you look?""","""You and her are gonna get us all killed if you keep bickering."""
"""Where on the ship did you look?""","""Tempting. It was very, very tempting."""
"""Could be Ben.""","Fire your pistol blindly."
"""Could be Ben.""","Run. Like. Hell."
"""Dude.""","""Something over there."""
"""Dude.""","""Get out of the way!"""
"""Dude.""","""MOVE MORON!"""
"""We put that thing down. Hard.""","""The hanger. We'll use the hanger."""
"""Stop dicking around, Neil.""","""Ben's dead too."""
"""Kill or be killed.""","""We'll kill it without bullets."
"""Yes. I know what a goddamn earthworm is.""","Blast the little bastards."
"""Yes. I know what a goddamn earthworm is.""","Run. Now."
"""Because I know what I'm talking about.""","Play Rock, Paper, Scissors."
"""Because I know what I'm talking about.""","Play Tic-Tac-Toe."
"""Because I know what I'm talking about.""","Sulk in silence."
"""Ben said Markie chased her into the hallway. She's probably dead.""","""You can't be serious."""
"""Ben said Markie chased her into the hallway. She's probably dead.""","""Captain..."""
"""Ben said Markie chased her into the hallway. She's probably dead.""","Let ‘em burn."
"""I get that vibe, too.""","""What happened?"""
"""Let's lead it to the hanger.""","""Don't get yourself killed, asshole."""
"Go with Meat and Neil.","""Probably to put us on edge."""
"Go with Meat and Neil.","""It's covering any sound it could be making."""
"Rush her.","""What the shit, Travis?"""
"""He said it was a bomb.""","""Everyone okay?"""
"""He said it was a bomb.""","Wait for someone to say something."
"""We could just knock you out.""","""You sure?"""
"""We could just knock you out.""","""Atta boy."""
"""I've got a bad feeling about this.""","""Deal."""
"""Maybe, maybe not. Either way, we don't have much to work with and we're running out of time.""","""More than happy to oblige."""
"""Maybe, maybe not. Either way, we don't have much to work with and we're running out of time.""","""How about we plan on not dying?"""
"""You're talking about a jackalope, Meat, jeez.""","""What is it?"""
"""We're utterly fucked.""","Talk to Strauss and Salvucci."
"""We're utterly fucked.""","Take a nap."
"""No, she didn't.""","""Kill or be killed."""
"""No, she didn't.""","""I've got at least two bullets left."""
"""Let's head to the mess hall.""","Send somebody to check on Neil."
"""Let's head to the mess hall.""","Keep on going toward the mess hall."
"Head to sickbay.","Peer down."
"Say nothing; leave.","Go eat."
"a button.","""Julia,"" he says."
"a button.","""Zoe,"" he says."
"""I would have made the same choice.""","""Yog-Sothoth?"""
"""I would have made the same choice.""","""Not a damn clue."""
"""It is what it is.""","""We're alive."""
"""It is what it is.""","""Yeah."""
"""It is what it is.""","""I don't think so, Meat."""
"Say nothing. Leave.","Go eat something."
"""We're going to be that way too if we don't get our head in the game, Neil.""","Head to sickbay."
"Set up the cryopods.","""What are you going to do when we get back?"""
"""Let's wait it out.""","Look where she's pointing."
"""Screaming isn't going to get us anywhere, Neil.""","""Fuck. Guess the old man was right."""
"Shoot her.","""She was infected; she killed Meat."""
"Shoot her.","Shoot the both of them."
"""You sick fuck.""","""It's not your fault, y' know."""
"""You sick fuck.""","""You okay, cap?"""
"Save yourself; leave him to die.","""You aren't real."""
"""Yeah, no, fuck that.""","Pair off with Ryan."
"""Yeah, no, fuck that.""","Pair off with Markie."
"""Yeah, no, fuck that.""","Pair off with Meat."
"""Grow some balls and ask her yourself.""","""I saw something."""
"""Grow some balls and ask her yourself.""","""Get out of the way."""
"""Grow some balls and ask her yourself.""","""MOVE!"""
"Get out of there.","""You alright?"""
"Get out of there.","Stay silent and keep your hand over the tear in her suit."
"You go to the mess hall for a bite to eat.","""Strauss is removing her arm."""
"You go to the mess hall for a bite to eat.","""Not great."""
"""He didn't.""","""Why didn't you?"""
"""He didn't.""","""Not much to eat."""
"Keep on going toward the mess hall.","Burn that motherfucker."
"Keep on going toward the mess hall.","Space that motherfucker."
"""Yeah? Well, let's make it fucking count.""","Save Meat's life."
"""Yeah? Well, let's make it fucking count.""","Save yourself; leave him to die."
"""Roger that.""","""Deal."""
"""It's pretty funny, you saying that, when you were ready to pull her down a couple of hours ago. Just sayin'""","Take a nap."
"""Suck it up, Neil. Cry later.""","Head to sickbay."
"Refrain from doing anything.","Go to sickbay."
"""We did our best.""","""We sleep."""
"""It ain't your fault.""","""Ben isn't on you."""
"""It ain't your fault.""","""Let it go. I need you here and focused. We all do."""
"Let ‘em burn.","""Good luck."""
"Let ‘em burn.","""Be careful."""
"Let ‘em burn.","""You sick fuck."""
"Run. Now.","""What the hell is she saying?"""
"""I'm fine. Stop asking.""","Wink at Markie in appreciation."
"""Move past it or more people are going to die.""","""Cthulhu?"""
"""Move past it or more people are going to die.""","""No clue."""
"""It was tempting.""","Talk to Meat and Neil"
"""It was tempting.""","Go to sleep."
"""I'm so sorry, Neil.""","Put your hand on his shoulder."
"""I'm so sorry, Neil.""","Don't."
"""You left him to die, you bitch.""","""We should check on Neil."""
"""You left him to die, you bitch.""","""Let's go hunting."""
"""Regardless, don't let this distract you. I need you here, not in mourning. Save that for later.""","""Cthulhu?"""
"""Regardless, don't let this distract you. I need you here, not in mourning. Save that for later.""","""No clue."""
"""Probably to put us on edge.""","""It might be Ben."""
"Use the saw.","Shoot Ben."
"Give him a comfort pat and offer your condolences.","Go to sickbay."
"Take the shot anyway.","""Neil and the creature are dead."""
"Take the shot anyway.","""I killed Neil and Markie."""
"""He said Markie chased her into the hall.""","""You can't be serious."""
"""He said Markie chased her into the hall.""","""Captain..."""
"""He said Markie chased her into the hall.""","Let ‘em burn."
"""Harsh, doc. Harsh.""","""No, they're tough fuckers."""
"""Harsh, doc. Harsh.""","""Yeah, they're chum."""
"""Julia,"" he says.","""Yes, I'm fine."""
"""Julia,"" he says.","""Yes, Ryan, I'm fine."""
"""Julia,"" he says.","""I'm fine."""
"""Uh...yes, totally.""","Shoot the creatures."
"""Uh...yes, totally.""","Retreat with Markie."
"""We're gonna blow him into space?""","""This is ridiculously dangerous. Count me in."""
"Shoot the beast.","""Is your suit ripped?"""
"""Why weren't we invited to the party?""","""What about Markie?"""
"""Why weren't we invited to the party?""","""Nice job, shrimp. Didn't think you had it in you."""
"""How about we plan on not dying?""","""Home. Let's get the fuck home."""
"""Of course. You too.""","You have kids."
"""Of course. You too.""","You don't have kids."
"""I get that vibe, too.""","""What happened?"""
"""Get out of the way!""","""We need to go. Now!"""
"""Get out of the way!""","""Ryan's chum."""
"""Strauss is removing her arm.""","""It might be for the best."""
"""Strauss is removing her arm.""","""Yeah. It's bullshit."""
"Give Meat a chance to explain.","""He said Markie chased her into the hall."""
"Give Meat a chance to explain.","""Ben said Markie chased her into the hallway. She's probably dead."""
"Don't say anything to him.","Put your hand on his shoulder."
"Don't say anything to him.","Don't."
"""I wish.""","""What, no foam finger for me?"""
"End Strauss' pain.","Ready the cryopods."
"""You can't be serious.""","""Good luck."""
"""You can't be serious.""","""Be careful."""
"""You can't be serious.""","""You sick fuck."""
"""No, I don't.""","""Open the door, numbnuts."""
"""No, I don't.""","""Oedipa."""
"""Let's go kill it.""","Follow Meat and Neil."
"""I'm with Ryan.""","""I've got a bad feeling about this."""
"""I'm with Ryan.""","""Roger that."""
"""We need someone up in the vents.""","Draw the monster out."
"""Dangerous. I like it.""","Shoot the window."
"""Dangerous. I like it.""","Shoot Strauss first."
"""Explanation please.""","""So if we can't melt it...what's the point?"""
"""Doc, put the gun down.""","""We should get to Neil."""
"""I'm with Meat.""","""I'm not crazy about this plan."""
"""I'm with Meat.""","""Got it."""
"""This is kind of a shitty idea.""","""Sure, Ryan."""
"""Where the fuck did she go, Ben? Talk to me.""","Rush her."
"""Where the fuck did she go, Ben? Talk to me.""","Scream in terror."
"""Take it easy on him.""","""Ben's dead now."""
"""Take it easy on him.""","""There are one, possibly two monsters crawling around the ship."""
"Don't look at your foot.","""Fuck. You."""
"Don't look at your foot.","Laugh."
"Fire your pistol blindly.","""She wants us to run out of ammo."""
"Fire your pistol blindly.","""She's jerking us around."""
"Look down","""Where did she go?"""
"Look down","""Hush now."""
"Mercy kill Strauss first.","Go ready the pods."
"Join it.","Fake cry."
"Join it.","Go for his gun."
"""I did not. I was too busy running for my life.""","Help Meat."
"""I did not. I was too busy running for my life.""","Help Strauss."
"""I did not. I was too busy running for my life.""","Leave them to die."
"Unholster your weapon.","Blast 'em."
"Unholster your weapon.","Get out of there."
"""Let it go. I need you here and focused. We all do.""","""Yog-Sothoth?"""
"""Let it go. I need you here and focused. We all do.""","""Not a damn clue."""
"""Uhh...""","""Let's just go."""
"""Uhh...""",""" Doctor Strauss is right; stop dicking around, Neil."""
"""Uhh...""","""Take it easy on him."""
"""You made the sensible choice. It just wasn't the right one. Don't let it get to you.""","""Cthulhu?"""
"""You made the sensible choice. It just wasn't the right one. Don't let it get to you.""","""No clue."""
"""Don't be a wuss. This is your chance to be a man.""","""You're certain?"""
"""Don't be a wuss. This is your chance to be a man.""","""Damn right you will."""
"""We lure it out into the open.""","""Well, you are ideal bait..."""
"Move to comfort him","Go for the gun."
"Move to comfort him","Scream helplessly."
"""There are one, possibly two monsters crawling around the ship.""","""Dude, stop talking."""
"""There are one, possibly two monsters crawling around the ship.""","""That was a bit harsh, Doc."""
"""You too, okay?""","Have kids."
"""You too, okay?""","Don't have kids."
"""Don't talk like that.""","""Ben's dead."""
"""Don't talk like that.""","""You left him to die, you bitch."""
"""Zoe,"" he says.","""Leave me alone."""
"""Zoe,"" he says.","""I'm fine. Stop asking."""
"""Listen bitch, step off.""","Rock, Paper, Scissors"
"""Listen bitch, step off.""","Tic-Tac-Toe"
"""Listen bitch, step off.""","Also sulk in silence"
"Pair off with Markie.","""Things that are not great ideas: this."""
"Pair off with Markie.","""Let's get on with this then."""
"""Oh do tell.""","Shoot anyway."
"""Oh do tell.""","Push Neil out of the way and lunge at Markie."
"Sleep in the barracks.","""Lenore."""
"Leave them to die.","""You're not fucking real."""
"""Everybody chill the fuck out.""","Go to the cockpit."
"Find Neil.","Murder both of them."
"Find Neil.","Put a bullet in your brain."
"""Yeah, they're chum.""","Play Rock, Paper, Scissors."
"""Yeah, they're chum.""","Play Tic-Tac-Toe."
"""Yeah, they're chum.""","Sulk in silence."
"""Where am I?""","""Holes?"""
"""You psychotic, pathetic piece of shit.""","""Let her go."""
"""You psychotic, pathetic piece of shit.""","Look into her eyes as she dies."
"""You're still angry about that time she reset your broken finger, you big baby.""","""What happened?"""
"""Does it matter?""","""Let's sleep then."""
"Say nothing to him. Leave.","""Hey! Focus. I need you here. We can stew in our guilt later, got that?"""
"Say nothing to him. Leave.","Leave him be."
"""No idea.""","Talk to Salvucci and Strauss"
"""No idea.""","Go to sleep."
"""We search the vents.""","""Please be quiet."""
"""We search the vents.""","""Do tell."""
"""Don't thank me.""","""We need someone in the air ducts."""
"""You're alive, doctor. Isn't that what counts?""","""Yeah. You too, doc."""
"""You're alive, doctor. Isn't that what counts?""","Simply nod."
"Go home and get some sleep.","""Of course. You too."""
"""Why did you decide not to?""","Eat him."
"""Why did you decide not to?""","Don't eat him."
"""The hanger. We'll use the hanger.""","""Stay alive."""
"""Yeah. Don't mention it. Really.""","""We need someone up in the vents."""
"""I think you mean Tyranseraus Rex.""","""What is it?"""
"""Let's kill it.""","Go with Meat and Neil."
"Shoot her down.","""She was infected. She killed Meat out of cowardice."""
"Shoot her down.","Take no chances: kill both of them."
"""I've got at least two bullets left.""","""Okay, what about the hanger?"""
"Ask her for her name.","""I wish."""
"Go for his gun.","Search for Neil."
"""You did.""","""Thanks, doc."""
"""You did.""","""I will."""
"""You do as well.""","You have kids."
"""You do as well.""","You don't have kids."
"""We should wait it out.""","Look at what she's pointing at."
"""I'm not crazy about this plan.""","""Pizza."""
"""I'm not crazy about this plan.""","""Space food's not so bad."""
"""Stay safe.""","""Come on. Let's get out of the hanger."""
"Keep on in the direction of the mess hall.","""You crazy bitch."""
"Do nothing.","""I know. Now let's make it count."""
"Do nothing.","""Nobody could have predicted that."""
"""What the fuck is wrong with you?""","""Talk to me like that again and I'll use that saw on you."""
"""What the fuck is wrong with you?""","Leave the doctor to her work."
"""No. Of course not.""","""You better watch your tone, Doc. I'm getting tired of your bullshit."""
"""No. Of course not.""","""I have faith."""
"""No. Of course not.""","""Listen bitch, step off."""
"Say nothing.","""What is it?"""
"Say nothing.","Remain quiet."
"Help Strauss.","""Most people would say 'thank you.'"""
"""Be careful.""","End Strauss' pain."
"""Be careful.""","Shoot the switch."
"""It's straight up bullshit.""","""Why weren't we invited to the party?"""
"""It's straight up bullshit.""","""Something happened, huh?"""
"Look at what she's pointing at.","""A bomb."""
"Fake cry.","Kill Meat."
"""We're alive. What else matters?""","""Come on. Let's sleep, then."""
"""A what?""","Blast the little bastards."
"""A what?""","Run. Now."
"""I better get a lot more than a citation for my goddamn foot.""","Look at your foot."
"""I better get a lot more than a citation for my goddamn foot.""","Don't look at your foot."
"""Let's go.""","""What do you think made them?"""
"""We put that thing down. Once and for all.""","""Let's lead it to the hanger."""
"Help Meat.","""I had to choose."""
"Help Meat.","""She didn't."""
"""That's funny coming from the person who was more than ready to put her down a couple of hours ago.""","Go to sleep."
"""You and her are gonna get us all killed if you keep bickering.""","Talk to Neil and Meat."
"""You and her are gonna get us all killed if you keep bickering.""","Take a nap."
"""She's jerking us around.""","""Hang on! We're on the way."""
"""She's jerking us around.""","""That's what you get."""
"Pull the trigger.","""You monster."""
"Pull the trigger.","Kill her."
"Leave Meat to die and save yourself.","""You're not even real."""
"""Get the Speedwell here now!""","Shoot the beast."
"""Get the Speedwell here now!""","Put Ryan out of his misery."
"""Get the Speedwell here now!""","Run!"
"""She was infected; she killed Meat and then killed herself.""","Die."
"""She was infected; she killed Meat and then killed herself.""","Don't die yet."
"Say nothing to him.","Comfort him by touching his shoulder."
"Say nothing to him.","Let him get it out of his system."
"Disapprove.","""Yes."""
"Disapprove.","""Never."""
"Disapprove.","""What's the use?"""
"Play Rock, Paper, Scissors.","""Where on the ship did you look?"""
"Play Rock, Paper, Scissors.","""Did it leave a trail?"""
"""Ben isn't on you.""","""Yog-Sothoth?"""
"""Ben isn't on you.""","""Not a damn clue."""
"Burn that motherfucker.","""Don't get yourself killed, doc."""
"Burn that motherfucker.","""Save a round for yourself...just in case."""
"Go eat.","""Strauss is removing her arm."""
"Go eat.","""Not great."""
"""Where's Markie?""","""What is it, Travis?"""
"""The whole foot?""","""Except for the dead."""
"""The whole foot?""","""I better get a lot more than a citation for my goddamn foot."""
"""Ben's dead.""","""We should check on Neil."""
"""Ben's dead.""","""Let's go hunting."""
"Go ahead and shoot the switch.","Go ready the pods."
"""The fuck is wrong with you?""","""I am so close to shoving that saw up your ass."""
"""The fuck is wrong with you?""","Say nothing. Leave."
"""You sick bastard.""","""It ain't your fault."""
"""You sick bastard.""","""Why the long face, cap?"""
"""Everyone okay?""","Sleep in the barracks."
"Go ready for the cryopods for the two of you.","Read the text on the screen."
"Go ready for the cryopods for the two of you.","Finish programming the pods."
"Dart into the kitchen.","""Shhh. I got it, Neil. Just rest."""
"""It's covering its own noises.""","""Could be Ben."""
"""What the hell is she saying?""","""You're not really going to take her arm off, are you?"""
"""What the hell is she saying?""","""The fuck is wrong with you?"""
"""What the hell is she saying?""","Say nothing. Leave."
"""What's with the racket?""","""Guess we should go investigate, eh?"""
"""I really don't know.""","""Let's sleep then."""
"""I'm ready to go hunting.""","""Let's head to the mess hall."""
"""I'm ready to go hunting.""","""Let's head to the barracks."""
"Go for the gun.","""What the hell was that for?"""
"Go for the gun.","Give Meat a chance to explain."
"You have kids.","Approve of Alex."
"You have kids.","Disapprove of her."
"""So if we can't burn its flesh off, what are we doing?""","""We space it?"""
"Risk your life to save Meat.","""We put that thing down. Hard."""
"Risk your life to save Meat.","""I've got two bullets left."""
"Continue toward the mess hall.","Space it."
"Continue toward the mess hall.","Burn it."
"""It had a lot of tentacles.""","Save Meat."
"""It had a lot of tentacles.""","Save Strauss."
"""It had a lot of tentacles.""","Save yourself."
"Punch her.","""Let her go."""
"Punch her.","Look into her eyes as she dies."
"Play Tic-Tac-Toe.","""Where on the ship did you look?"""
"Play Tic-Tac-Toe.","""Did it leave a trail?"""
"Leave.","Touch his shoulder."
"Leave.","Do nothing."
"Shoot Strauss first.","""She had killed the captain. Karma."""
"Shoot Strauss first.","""I needed to ensure my survival. She was bait."""
"Shoot Strauss first.","""She was infected."""
"""Yeah, they're not getting back up.""","""No, he didn't."""
"""Fucking thing ate him.""","""What's she saying?"""
"""Fucking thing ate him.""","""What is that?"""
"Shoot.","""Yeah, I got it."""
"""I'm with Markie.""","""This is a bad idea."""
"""I'm with Markie.""","""Let's go."""
"""Do it yourself.""","""She was infected; she killed Meat and then killed herself."""
"""Do it yourself.""","Shoot the both of them."
"""Don't be a pussy.""","Hand Meat the walkie."
"""Yeah. You did.""","""Yeah. You too, doc."""
"""Yeah. You did.""","Simply nod."
""" Doctor Strauss is right; stop dicking around, Neil.""","""Ben's dead now."""
""" Doctor Strauss is right; stop dicking around, Neil.""","""There are one, possibly two monsters crawling around the ship."""
"Sleep in the barracks","""What the hell did you do?"""
"""Where did you look?""","""Not funny."""
"""Where did you look?""","""Your bickering is going to get us killed."""
"""Where did you look?""","""It was tempting."""
"""Yeah, I do.""","""Open the door, numbnuts."""
"""Yeah, I do.""","""Oedipa."""
"Kill Meat.","Search for Neil."
"""It was you or her.""","""Kill or be killed."""
"""It was you or her.""","""I've got at least two bullets left."""
"Absentmindedly kick rocks while you wait for someone to answer.","""I'm with Ryan."""
"Absentmindedly kick rocks while you wait for someone to answer.","""I'm with Markie."""
"Absentmindedly kick rocks while you wait for someone to answer.","""I'm with Meat."""
"Attack with the saw.","Blast Ben."
"""What the shit, Travis?""","""Ben said she was chased into the hallway."""
"""Hey! Focus. I need you here. We can stew in our guilt later, got that?""","""Yeah, well, let's make sure he died for something worth dying for."""
"""Hey! Focus. I need you here. We can stew in our guilt later, got that?""","""Get your head in the fucking game."""
"""Please be quiet.""","Take the shot anyway."
"""Please be quiet.""","Lunge at Markie."
"Take out your weapon","Shoot them."
"Take out your weapon","Run away."
"""This is a bad idea.""","""What do you think made them?"""
"""Travis...let her go.""","""Don't you say a goddamn word to me."""
"""Travis...let her go.""","""I really should have let him kill you."""
"""Travis...let her go.""","""Yeah. Don't mention it. Really."""
"Send somebody to check on Neil.","Keep on in the direction of the mess hall."
"Hand Meat the walkie.","Shoot her!"
"Hand Meat the walkie.","Run into the kitchen!"
"Save Meat's life.","""We put that thing down. Once and for all."""
"Save Meat's life.","""Well...I've got two bullets. So there's that."""
"""Any ideas how to beat that thing?""","""What are you doing?"""
"""I had to choose.""","""We kill it."""
"""I had to choose.""","""I've got at least two rounds left."""
"""I think so...but I couldn't tell for sure.""","""He didn't."""
"""Do you want to talk?""","Get a drink with Strauss"
"""Do you want to talk?""","Opt to go home."
"""Don't get yourself killed.""","""It ain't your fault."""
"""Don't get yourself killed.""","""Why the long face, cap?"""
"""They're doing what?""","""No, it doesn't."""
"""They're doing what?""","""Nothing to be done about it, I guess."""
"""Yes, I'm fine.""","Nudge Markie and give her a wink of gratitude."
"""Yes, I'm fine.""","Say nothing."
"""Don't talk, okay?""","Rush her."
"""Don't talk, okay?""","Scream in terror."
"""It's not your fault.""","""Cthulhu?"""
"""It's not your fault.""","""No clue."""
"""You too.""","Have kids."
"""You too.""","Don't have kids."
"""Captain, say something.""","Go to the cockpit."
"""Let's go hunting.""","Mess hall"
"""Let's go hunting.""","Barracks"
"Blast it.","""Yeah. I understand."""
"Burn it.","""Don't get killed."""
"Burn it.","""Keep one bullet in the chamber for yourself...just in case."""
"""That's what you get.""","Pull the trigger."
"""Don't let it eat you.""","Mercy kill Strauss first."
"""Don't let it eat you.""","Go ahead and shoot the switch."
"""Hold on, Doc. We're coming!""","Fire the gun."
"""Could be better.""","""Of course. We just need to flush it out and kill it...somehow."""
"""Could be better.""","""No idea."""
"""Could be better.""","""We're screwed, fellas."""
"""That's good and all, but what about Markie?""","""Everybody chill the fuck out."""
"""That's good and all, but what about Markie?""","""Captain, say something."""
"""That's good and all, but what about Markie?""","Shoot Markie."
"""Why are you such a fucking horndog?""","""Something over there."""
"""Why are you such a fucking horndog?""","""Get out of the way!"""
"""Why are you such a fucking horndog?""","""MOVE MORON!"""
"""Open the damn door.""","""Let's just go."""
"""Open the damn door.""",""" Doctor Strauss is right; stop dicking around, Neil."""
"""Open the damn door.""","""Take it easy on him."""
"Scream in terror.","""What the shit, Travis?"""
"""The hanger. We can use the hanger.""","""Maybe, maybe not. Either way, we don't have much to work with and we're running out of time."""
"Wait for someone to say something.","Sleep in the barracks."
"Go ready the pods.","""Sleep tight, bitches."""
"Go ready the pods.","""See you at home."""
"Shoot anyway.","""Neil and Markie are dead."""
"""We should check on the pilot.""","""We check out the vents."""
"""We space it?""","""Dangerous. I like it."""
"""We space it?""","""This plan sucks."""
"Scream helplessly.","""What the hell was that for?"""
"Scream helplessly.","Give Meat a chance to explain."
"""Let's burn her just to be sure.""","Go to sleep. Finally."
"""Your suit's ripped.""","""He's dead, Meat."""
"""Your suit's ripped.""","""The fucking thing ripped his head off."""
"""Do tell.""","Take the shot anyway."
"""Do tell.""","Lunge at Markie."
"""Don't worry about me, ya big softie.""","""Oh good, that means your ass is useless in a fight."""
"""Don't worry about me, ya big softie.""","""Don't strain yourself; I don't want to be scooping you off the ground while I'm trying to shoot something."""
"""Neil. Shut the fuck up.""","Shoot anyway."
"""Neil. Shut the fuck up.""","Push Neil out of the way and lunge at Markie."
"""We could try our fists.""","""Okay, what about the hanger?"""
"""MOVE MORON!""","""We need to go. Now!"""
"""MOVE MORON!""","""Ryan's chum."""
"""This is ridiculously dangerous. Count me in.""","Shoot the viewport."
"""This is ridiculously dangerous. Count me in.""","Cripple Strauss first."
"Shoot her!","""Yes, I understand."""
"""Tell everyone I'm sorry.""","""Come after me and I'll vent your head."""
"""Tell everyone I'm sorry.""","Say nothing and leave."
"""We need someone in the air ducts.""","Draw it out."
"""Sounds like a question you should ask her.""","""Something over there."""
"""Sounds like a question you should ask her.""","""Get out of the way!"""
"""Sounds like a question you should ask her.""","""MOVE MORON!"""
"""You're talking about a trout, Meat, you dumbass.""","""Well, out with it Mark. What is it?"""
"""You're talking about a trout, Meat, you dumbass.""","Let someone else ask."
"""We'll kill it without bullets.","""One word: ‘hanger.'"
"""We'll kill it without bullets.","""We could try our fists."""
"""Shut up, Ryan.""","""We should check it out, right?"""
"""Shut up, Ryan.""","""Let's check it out."""
"""Shut up, Ryan.""","""I feel like nobody really wants to go down there, and that no one is going to say otherwise if we leave out some details out of our report. Sound good to everybody else? Good."""
"""Shut up, Ryan.""","Absentmindedly kick rocks while you wait for someone to answer."
"""We should check it out, right?""","""I'm with Ryan."""
"""We should check it out, right?""","""I'm with Markie."""
"""We should check it out, right?""","""I'm with Meat."""
"""Ben's dead now.""","""Dude, stop talking."""
"""Ben's dead now.""","""That was a bit harsh, Doc."""
"Cripple Strauss first.","""She had killed the captain. Looks like karma caught up with her."""
"Cripple Strauss first.","""I needed to ensure my survival. I had to use her as bait."""
"Cripple Strauss first.","""She was infected. I did what I had to."""
"""What about Markie?""","""Calm your tits, everybody."""
"""What about Markie?""","Kill Markie."
"Go to the cryopods.","""So, doc, what are you going to do when we get back?"""
"Onward to Sickbay.","Improvise."
"""More than happy to oblige.""","""Home. Let's get the fuck home."""
"""Something's got Ryan!""","Shoot the beast."
"""Something's got Ryan!""","Put Ryan out of his misery."
"""Something's got Ryan!""","Run!"
"""Me too.""","""We're alive."""
"""Me too.""","""Yeah."""
"""Me too.""","""I don't think so, Meat."""
"""We sleep.""","""Let's burn her just to be sure."""
"Sacrifice yourself.","""Tell everyone I'm sorry."""
"Sacrifice yourself.","""No. Nothing at all."""
"Take no chances: kill both of them.","End your life."
"Take no chances: kill both of them.","Wait."
"""What are you doing?""","""So if we can't burn its flesh off, what are we doing?"""
"""Where did she go?""","Move to comfort him"
"""Where did she go?""","Don't touch him"
"""Come on. Let's get out of the hanger.""","""Me too."""
"""Come on. Let's get out of the hanger.""","""It is what it is."""
"Wink at Markie in appreciation.","Say nothing at all."
"Wink at Markie in appreciation.","""You're talking about a trout, Meat, you dumbass."""
"""Things that are not great ideas: this.""","""What made them?"""
"""God damn it. I'm so sorry, Neil.""","Comfort him by touching his shoulder."
"""God damn it. I'm so sorry, Neil.""","Let him get it out of his system."
"""Should we go investigate?""","""Let's kill it."""
"""Should we go investigate?""","""Let's wait it out."""
"""She won't.""","Go to sleep"
"""What is that?""","""Are you really going to take her arm off?"""
"""What is that?""","""What the fuck is wrong with you?"""
"Read the text on the screen.","Finish programming the pods."
"""What's going on?""","""Should we go investigate?"""
"""What's going on?""","""What do we do?"""
"Have kids.","Approve."
"Have kids.","Disapprove."
"Sulk in silence.","""Where on the ship did you look?"""
"Sulk in silence.","""Did it leave a trail?"""
"Don't.","""Yeah, so let's make it count."""
"Don't.","""Listen to me: this is not on you."""
"Run!","""Is your suit ripped?"""
"Draw the monster out.","""Don't be a wuss. This is your chance to be a man."""
"Draw the monster out.","""We could just knock you out."""
"Go home.","""You too, okay?"""
"Go home.","Nod at him."
"""No clue.""","""Don't talk like that."""
"""No clue.""","""You're right. She's probably dead."""
"Shoot the viewport.","Go ready for the cryopods for the two of you."
"Peer down.","""Where the fuck did she go, Ben? Talk to me."""
"Peer down.","""Don't talk, okay?"""
"""I've got two bullets left.""","""The hanger. We'll use the hanger."""
"Run.","""Yeah, I got it."""
"""When I wake up, I expect to have kickass robo-limbs.""","Ask her for her name."
"""When I wake up, I expect to have kickass robo-limbs.""","Thank her for taking care of you."
"Sacrifice yourself for humanity.","""I'm sorry, Travis."""
"Sacrifice yourself for humanity.","""Not a thing."""
"""I wish!""","""What, no foam finger for me, pilot?"""
"""Let's head to the barracks.""","""Let's head to the mess hall."""
"""She's toying with us.""","""Hold on, Doc. We're coming!"""
"""She's toying with us.""","""Serves you right."""
"""She's toying with us.""","Say nothing; give the walkie to Meat."
"Pair off with Meat.","""This is a plan I'm not crazy about."""
"""Don't get yourself killed, doc.""","Attack with the saw."
"""Don't get yourself killed, doc.""","Attack with your gun."
"""Don't be a baby.""","""You sure?"""
"""Don't be a baby.""","""Atta boy."""
"Run into the kitchen.","""Yeah. I understand."""
"""Hang on! We're on the way.""","Pull the trigger."
"""Dude, stop talking.""","""No. Of course not."""
"""Dude, stop talking.""","""Who knows?"""
"""Dude, stop talking.""","""Yeah, they're food."""
"Run into the kitchen!","""Yes, I understand."""
"""Better you than me.""","End Strauss' pain."
"""Better you than me.""","Shoot the switch."
"Put Ryan out of his misery.","""Is your suit ripped?"""
"""It happened so fast.""","""What's she saying?"""
"""It happened so fast.""","""What is that?"""
"Space it.","""Be careful."""
"Space it.","""Better you than me."""
"""Nice job, shrimp. Didn't think you had it in you.""","""Calm your tits, everybody."""
"""Nice job, shrimp. Didn't think you had it in you.""","Kill Markie."
"""Not a damn clue.""","""Don't talk like that, cap."""
"""Not a damn clue.""","""She's meat."""
"""Why didn't you?""","Resort to cannibalism."
"""Why didn't you?""","Starve."
"""You okay, cap?""","""It's not your fault."""
"""You okay, cap?""","""Move past it or more people are going to die."""
"Get a drink with Strauss","""You did."""
"Get a drink with Strauss","""You only did what you had to."""
"Shoot them.","""Are you okay?"""
"Shoot them.","Remain silent and keep your hand over the tear in her suit."
"""I saw something.""","""Get the Speedwell here now!"""
"""I saw something.""","""We've got to go!"""
"""I saw something.""","""Something's got Ryan!"""
"Save Strauss.","""Not even a simple 'thanks?'"""
"Nod at him.","Have kids."
"Nod at him.","Don't have kids."
"""Okay, what about the hanger?""","""What else are we going to do?"""
"""Serves you right.""","Fire the gun."
"""Ben said she was chased into the hallway.""","""Are you two serious? This is insane!"""
"""Ben said she was chased into the hallway.""","""Burn 'em."""
"""We sleep.""","""Burn her just to be sure."""
"""We sleep.""","""She won't."""
"""Your boyfriend's toast.""","""Let's go see Neil."""
"""Your boyfriend's toast.""","""I'm ready to go hunting."""
"Shoot him too.","End your life."
"Shoot him too.","Wait."
"""I'm fine.""","Nudge Markie and give her a wink of gratitude."
"""We fucked things up for you. I'm sorry.""","""Hey! Focus. I need you here. We can stew in our guilt later, got that?"""
"""We fucked things up for you. I'm sorry.""","Leave him be."
"You don't have kids.","""I do."""
"You don't have kids.","""I don't."""
"You don't have kids.","""What's the point?"""
"""I've got at least two rounds left.""","""The hanger. We can use the hanger."""
"""Yes, I understand.""","""I'm so sorry, Neil."""
"""Yes, I understand.""","Don't say anything to him."
"""She was infected; she killed Meat.""","Die."
"""She was infected; she killed Meat.""","Don't die yet."
"Go eat something.","""Strauss is taking her freakin' arm off."""
"Go eat something.","""Cut the shit. You know how my day's been."""
"Improvise.","Awaken."
"""I don't think so, Meat.""","""We sleep."""
"Look into her eyes as she dies.","""We need to draw it out into the open."""
"""Cut the shit. You know how my day's been.""","""Why weren't we invited to the party?"""
"""Cut the shit. You know how my day's been.""","""Something happened, huh?"""
"""Guess we should go investigate, eh?""","""Let's go kill it."""
"""Guess we should go investigate, eh?""","""We should wait it out."""
"""Man up already!""","Give Meat the walkie."
"Look at your foot.","""Fuck. You."""
"Look at your foot.","Laugh."
"""Well...I've got two bullets. So there's that.""","""Let's lead it to the hanger."""
"""Not much to eat.""","Resort to cannibalism."
"""Not much to eat.""","Starve."
"""Open the door, numbnuts.""","""Come on. Let's just go."""
"""Open the door, numbnuts.""","""Stop dicking around, Neil."""
"""Open the door, numbnuts.""","""Don't be such a bitch, Strauss."""
"""No. Nothing at all.""","""Come after me and I'll vent your head."""
"""No. Nothing at all.""","Say nothing and leave."
"""Something over there.""","""We need to go. Now!"""
"""Something over there.""","""Ryan's chum."""
"""Get out of the way.""","""Get the Speedwell here now!"""
"""Get out of the way.""","""We've got to go!"""
"""Get out of the way.""","""Something's got Ryan!"""
"""Leave me alone.""","Wink at Markie in appreciation."
"""Did it leave a trail?""","""We can't turn on each other, man."""
"""Did it leave a trail?""","""You and her are gonna get us all killed if you keep bickering."""
"""Did it leave a trail?""","""Tempting. It was very, very tempting."""
"Head to the cockpit.","""Whatever it is, we've got enough firepower to put it down."""
"Head to the cockpit.","""Do I look like a fucking scientist, cap?"""
"Talk to Strauss and Salvucci.","""You bet your ass she was."""
"Talk to Strauss and Salvucci.","""It's pretty funny, you saying that, when you were ready to pull her down a couple of hours ago. Just sayin'"""
"""Probably just a rock falling.""","Shoot them."
"""Probably just a rock falling.""","Run away."
"""Nice job, Ben.""","""Everybody chill the fuck out."""
"""Nice job, Ben.""","""Captain, say something."""
"""Nice job, Ben.""","Shoot Markie."
"Mess hall","Send someone to check on Neil."
"Mess hall","Continue toward the mess hall."
"""You alright?""","""What the hell is she saying?"""
"""Yes, Ryan, I'm fine.""","Nudge Markie and give her a wink of gratitude."
"""We're still breathing.""","""We sleep."""
"Thank her for taking care of you.","""I wish!"""
"Don't have kids.","""Yes."""
"Don't have kids.","""Never."""
"Don't have kids.","""What's the use?"""
"""Holes?""","""To die among the stars? No thanks."""
"""Screaming isn't going to get us anywhere.""","""You know what we have to do."""
"Approve.","""Yes."""
"Approve.","""Never."""
"Approve.","""What's the use?"""
"""Whatever.""","""Oh good, that means your ass is useless in a fight."""
"""Whatever.""","""Don't strain yourself; I don't want to be scooping you off the ground while I'm trying to shoot something."""
"""That's bullshit and you know it.""","Save Meat's life."
"""That's bullshit and you know it.""","Save yourself; leave him to die."
"""What is it, Travis?""","""The whole foot?"""
"""What is it, Travis?""","""God damn it."""
"""Uh...""","""We should check it out."""
"""Uh...""","""Yeah, no, fuck that."""
"""Uh...""","Wait in silence."
"""Good, all things considered.""","""Yeah. We just need to flush it out and kill it...somehow."""
"""Good, all things considered.""","""I have no idea, guys."""
"""Good, all things considered.""","""We're utterly fucked."""
"Fire the gun.","""You psychotic, pathetic piece of shit."""
"Fire the gun.","Punch her."
"""Don't be such a bitch, Strauss.""","""Ben's dead too."""
"""What the hell did you do?""","Shoot her down."
"""What the hell did you do?""","""You won't find any sympathy with me. Do it yourself."""
"""Who knows?""","Rock, Paper, Scissors"
"""Who knows?""","Tic-Tac-Toe"
"""Who knows?""","Also sulk in silence"
"""Talk to me like that again and I'll use that saw on you.""","Go eat."
"""It was awful.""","""Strauss is removing her arm."""
"""It was awful.""","""Not great."""
"Let someone else ask.","""Someone dropped you on your head when you were an infant, didn't they?"""
"Let someone else ask.","""Uh..."""
"""What's up with you and Meat?""","""Open the door, numbnuts."""
"""What's up with you and Meat?""","""Oedipa."""
"""Of course. We just need to flush it out and kill it...somehow.""","Talk to Salvucci and Strauss"
"""Of course. We just need to flush it out and kill it...somehow.""","Go to sleep."
"Go to sickbay.","Look down"
"""Yeah, yeah, get on with it.""","Ask her for her name."
"""Yeah, yeah, get on with it.""","Thank her for taking care of you."
"""Let's just go.""","""Ben's dead now."""
"""Let's just go.""","""There are one, possibly two monsters crawling around the ship."""
"""Pizza.""","""Probably just a rock falling."""
"""Pizza.""","Take out your weapon"
"""We should check it out.""","Pair off with Ryan."
"""We should check it out.""","Pair off with Markie."
"""We should check it out.""","Pair off with Meat."
"""This is a plan I'm not crazy about.""","""Hot dogs, dude. Hot dogs."""
"""Yeah. It's bullshit.""","""You're still angry about that time she reset your broken finger, you big baby."""
"""Yeah. It's bullshit.""","""I get that vibe, too."""
"Shoot the monster.","""Your suit's ripped."""
"Answer Neil.","Blast it."
"Answer Neil.","Run into the kitchen."
"Leave the doctor to her work.","Go eat."
"Barracks","Mess hall"
"Put your hand on his shoulder.","""Yeah, so let's make it count."""
"Put your hand on his shoulder.","""Listen to me: this is not on you."""
"""You only did what you had to.""","""Thanks, doc."""
"""You only did what you had to.""","""I will."""
"""I didn't.""","Save Meat."
"""I didn't.""","Save Strauss."
"""I didn't.""","Save yourself."
"Draw it out.","""Don't be a baby."""
"Draw it out.","""We could just knock you out."""
"""Something happened, huh?""","""What about Markie?"""
"""Something happened, huh?""","""Nice job, shrimp. Didn't think you had it in you."""
"""Nobody could have predicted that.""","""I didn't."""
"""Nobody could have predicted that.""","""It had a lot of tentacles."""
"""It might be Ben."""," Pull out your pistol and fire blindly."
"""It might be Ben.""","Panic and run."
"""It's trying to scare us.""","""Could be Ben."""
"""Yeah. I understand.""","""We fucked things up for you. I'm sorry."""
"""Yeah. I understand.""","Say nothing to him. Leave."
"""Say what?""","""It doesn't at all."""
"""Say what?""","""Nothing we can do about it, Meat."""
"""You finally turn out to be useful.""","Mercy kill Strauss first."
"""You finally turn out to be useful.""","Go ahead and shoot the switch."
"Comfort him by touching his shoulder.","""Yeah? Well, let's make it fucking count."""
"Comfort him by touching his shoulder.","""That's bullshit and you know it."""
"""I have no idea, guys.""","Talk to Strauss and Salvucci."
"""I have no idea, guys.""","Take a nap."
"""Roger, roger.""","""Hot dogs, dude. Hot dogs."""
"""I feel like nobody really wants to go down there, and that no one is going to say otherwise if we leave out some details out of our report. Sound good to everybody else? Good.""","""I'm with Ryan."""
"""I feel like nobody really wants to go down there, and that no one is going to say otherwise if we leave out some details out of our report. Sound good to everybody else? Good.""","""I'm with Markie."""
"""I feel like nobody really wants to go down there, and that no one is going to say otherwise if we leave out some details out of our report. Sound good to everybody else? Good.""","""I'm with Meat."""
"Push Neil out of the way and lunge at Markie.","Join the creatures."
"Push Neil out of the way and lunge at Markie.","Sacrifice yourself."
"""Bear the weight later. There are still lives in danger here.""","""Yog-Sothoth?"""
"""Bear the weight later. There are still lives in danger here.""","""Not a damn clue."""
"Wait in silence.","Pair off with Ryan."
"Wait in silence.","Pair off with Markie."
"Wait in silence.","Pair off with Meat."
"""Yeah. We just need to flush it out and kill it...somehow.""","Talk to Strauss and Salvucci."
"""Yeah. We just need to flush it out and kill it...somehow.""","Take a nap."
"""The fucking thing ripped his head off.""","""What the hell is she saying?"""
"Talk to Neil and Meat.","""Good, all things considered."""
"Talk to Neil and Meat.","""The fuck you think I'm holding up?"""
"Disapprove of her.","""I do."""
"Disapprove of her.","""I don't."""
"Disapprove of her.","""What's the point?"""
"""Ditto.""","""We're still breathing."""
"""Ditto.""","""I don't know, Meat. I don't want to know."""
"""Ditto.""","""We did our best."""
"Blast Ben.","Go to the cryopods."
"Don't touch him","Go for the gun."
"Don't touch him","Scream helplessly."
"""What's waiting for you back on Mars?""","""No, I don't."""
"""What's waiting for you back on Mars?""","""Yeah, I do."""
"""What happened, happened.""","""We're still breathing."""
"""What happened, happened.""","""I don't know, Meat. I don't want to know."""
"""What happened, happened.""","""We did our best."""
"Retreat with Markie.","""What's she saying?"""
"Retreat with Markie.","""What is that?"""
"""Everybody cool?""","Sleep in the barracks"
"""We're alive.""","""We sleep."""
"""We're screwed, fellas.""","Talk to Salvucci and Strauss"
"""We're screwed, fellas.""","Go to sleep."
"stars","""I'm alive."""
"stars","""Where am I?"""
"""You monster.""","""Travis...let her go."""
"""It's not your fault, y' know.""","""You made the sensible choice. It just wasn't the right one. Don't let it get to you."""
"""It's not your fault, y' know.""","""Regardless, don't let this distract you. I need you here, not in mourning. Save that for later."""
"Initiate you and Strauss' cryopods.","""Do you want to talk?"""
"""Not a thing.""","""Don't follow me."""
"""Not a thing.""","Leave without a word."
"Kill him first.","""Screaming isn't going to get us anywhere, Neil."""
"Kill him first.","Shoot him too."
"""I'm sorry, Travis.""","""Don't follow me."""
"""I'm sorry, Travis.""","Leave without a word."
"""Let her go.""","""Don't thank me."""
"""Let her go.""","""I should have let him kill you."""
"""Let her go.""","""You're welcome."""
"Murder Meat.","Find Neil."
"End Ryan's pain.","""Your suit's ripped."""
"Touch his shoulder.","""I know. Now let's make it count."""
"Touch his shoulder.","""Nobody could have predicted that."""
"Shoot it!","""Shhh. I got it, Neil. Just rest."""
"""You won't find any sympathy with me. Do it yourself.""","""She was infected. She killed Meat out of cowardice."""
"""You won't find any sympathy with me. Do it yourself.""","Take no chances: kill both of them."
"""Neil and Markie are dead.""","""Yeah, they're not getting back up."""
"""Let's get the fuck home, eh?""","""We're alive. What else matters?"""
"""Let's get the fuck home, eh?""","""Meat, I don't know, okay?"""
"""We check out the vents.""","""Neil. Shut the fuck up."""
"""We check out the vents.""","""Oh do tell."""
"""It wiggled a lot.""","Help Meat."
"""It wiggled a lot.""","Help Strauss."
"""It wiggled a lot.""","Leave them to die."
"""Yeah, so let's make it count.""","Risk your life to save Meat."
"""Yeah, so let's make it count.""","Leave Meat to die and save yourself."
"""You're not really going to take her arm off, are you?""","Go eat something."
"""Ben's dead too.""","""Neil, stop talking."""
"""Ben's dead too.""","""Harsh, doc. Harsh."""
"""Are you okay?""","""What's she saying?"""
"""Are you okay?""","""What is that?"""
"Shoot the creatures.","""What's she saying?"""
"Shoot the creatures.","""What is that?"""
"""Sure, Ryan.""","""Sounds like a question you should ask her."""
"""Sure, Ryan.""","""Why are you such a fucking horndog?"""
"""Sure, Ryan.""","""Dude."""
"""You're certain?""","Answer Neil."
"""We draw it out.""","""Man up already!"""
"""Get a drink.""","""You too."""
"""Get a drink.""","Nod at him."
"Go on home.","""Yeah. You too, doc."""
"Go on home.","Simply nod."
"""Yeah.""","""We sleep."""
"""What happened?""","""That's good and all, but what about Markie?"""
"""What happened?""","""Nice job, Ben."""
"Begin","""Julia,"" he says."
"Begin","""Zoe,"" he says."
"Don't die yet.","""Screaming isn't going to get us anywhere."""
"Don't die yet.","Shoot Neil too."
"Join the creatures.","Murder Meat."
"""Oedipa.""","""Come on. Let's just go."""
"""Oedipa.""","""Stop dicking around, Neil."""
"""Oedipa.""","""Don't be such a bitch, Strauss."""
"""What, no foam finger for me, pilot?""","""Say what?"""
"""We've got to go!""","Shoot the beast."
"""We've got to go!""","Put Ryan out of his misery."
"""We've got to go!""","Run!"
"""Are you really going to take her arm off?""","You go to the mess hall for a bite to eat."
"Save Meat.","""It was you or her."""
"Save Meat.","""No, she didn't."""
"Pair off with Ryan.","""This is kind of a shitty idea."""
"Pair off with Ryan.","""Aye."""
"""The fuck you think I'm holding up?""","""Yeah. We just need to flush it out and kill it...somehow."""
"""The fuck you think I'm holding up?""","""I have no idea, guys."""
"""The fuck you think I'm holding up?""","""We're utterly fucked."""
"""To die among the stars? No thanks.""","""Let's say I believe you and that this isn't all some dying dream. What's to prevent me from making the same mistakes and ending up back here again?"""
"Let him get it out of his system.","""Yeah? Well, let's make it fucking count."""
"Let him get it out of his system.","""That's bullshit and you know it."""
"""Yes, Markie I know what an earthworm is.""","Shoot the creatures."
"""Yes, Markie I know what an earthworm is.""","Retreat with Markie."
"""I'm sorry.""","Touch his shoulder."
"""I'm sorry.""","Do nothing."
"Approve of Alex.","""I do."""
"Approve of Alex.","""I don't."""
"Approve of Alex.","""What's the point?"""
"""He's dead, Meat.""","""What the hell is she saying?"""
"""I don't know, you fucking horndog.""","""I saw something."""
"""I don't know, you fucking horndog.""","""Get out of the way."""
"""I don't know, you fucking horndog.""","""MOVE!"""
"""Sure, why not?""","""Yeah. You did."""
"""Sure, why not?""","""You're alive, doctor. Isn't that what counts?"""
"Shoot the switch.","Ready the cryopods."
"""What made them?""","""A what?"""
"""What made them?""","""Yes. I know what a goddamn earthworm is."""
"""Ryan's chum.""","End Ryan's pain."
"""Ryan's chum.""","Shoot the monster."
"""What's up with you and Meat anyway?""","""Let's just go."""
"""What's up with you and Meat anyway?""",""" Doctor Strauss is right; stop dicking around, Neil."""
"""What's up with you and Meat anyway?""","""Take it easy on him."""
"""Burn 'em.""","""Don't get yourself killed."""
"""Burn 'em.""","""You sick bastard."""
"""Let's say I believe you and that this isn't all some dying dream. What's to prevent me from making the same mistakes and ending up back here again?""","""This is bullshit. If you can send me back, why can't you just make it so we all get home safely?"""
"""Let's say I believe you and that this isn't all some dying dream. What's to prevent me from making the same mistakes and ending up back here again?""","""Gee thanks."""
"Send someone to check on Neil.","Continue onward to the mess hall."
"""What is it?""","""Shut up, Ryan."""
"""What is it?""","""Erosion...right."""
"""Burn her just to be sure.""","Go to sleep"
"Take a bullet to the brain.","""I'm so sorry."""
"""Watch your tone, Strauss. Getting real tired of your shit.""","Play Rock, Paper, Scissors."
"""Watch your tone, Strauss. Getting real tired of your shit.""","Play Tic-Tac-Toe."
"""Watch your tone, Strauss. Getting real tired of your shit.""","Sulk in silence."
